{
 "fresh-k64": {
  "all": 0.9983723759651184,
  "1-4": 0.999601423740387,
  "5-8": 1.0,
  "9-32": 0.9988641738891602,
  "33-+": 0.9972949624061584
 },
 "fresh-k16(hot-alone)": {
  "all": 0.9870876669883728,
  "1-4": 0.9964129328727722,
  "5-8": 0.9963122010231018,
  "9-32": 0.9931851625442505,
  "33-+": 0.9777449369430542
 },
 "a-c8": {
  "all": 0.9841037392616272,
  "1-4": 0.9135113954544067,
  "5-8": 0.9686539173126221,
  "9-32": 0.9991887211799622,
  "33-+": 0.9975408315658569
 },
 "a-c32": {
  "all": 0.9543728232383728,
  "1-4": 0.9131128191947937,
  "5-8": 0.9004302024841309,
  "9-32": 0.936881422996521,
  "33-+": 0.9911471605300903
 },
 "c1-c8": {
  "all": 0.816026508808136,
  "1-4": 0.17616580426692963,
  "5-8": 0.7424708008766174,
  "9-32": 0.949050784111023,
  "33-+": 0.9273330569267273
 },
 "c1-c32": {
  "all": 0.4884440004825592,
  "1-4": 0.029095256701111794,
  "5-8": 0.11555009335279465,
  "9-32": 0.48499107360839844,
  "33-+": 0.7073650360107422
 },
 "v4-c8": {
  "all": 0.984483540058136,
  "1-4": 0.9147070646286011,
  "5-8": 0.9698832035064697,
  "9-32": 0.9991887211799622,
  "33-+": 0.9977867603302002
 },
 "v4-c32": {
  "all": 0.9596896767616272,
  "1-4": 0.9135113954544067,
  "5-8": 0.9053472280502319,
  "9-32": 0.9422359466552734,
  "33-+": 0.9980326890945435
 },
 "head0": {
  "all": 0.9979926347732544
 },
 "head1": {
  "all": 0.9983723759651184
 },
 "head2": {
  "all": 0.9931098222732544
 },
 "head3": {
  "all": 0.9927300214767456
 }
}