{
 "fresh-k64": {
  "all": 0.9977756142616272,
  "1-4": 0.9972100853919983,
  "5-8": 0.9987707138061523,
  "9-32": 0.9990264773368835,
  "33-+": 0.9968031048774719
 },
 "fresh-k16(hot-alone)": {
  "all": 0.9769965410232544,
  "1-4": 0.9832602739334106,
  "5-8": 0.9926244616508484,
  "9-32": 0.9883173704147339,
  "33-+": 0.9633591175079346
 },
 "a-c8": {
  "all": 0.966417133808136,
  "1-4": 0.8565165400505066,
  "5-8": 0.9219422340393066,
  "9-32": 0.9954567551612854,
  "33-+": 0.9872125387191772
 },
 "a-c32": {
  "all": 0.9294704794883728,
  "1-4": 0.8565165400505066,
  "5-8": 0.8524892330169678,
  "9-32": 0.899886429309845,
  "33-+": 0.9897946119308472
 },
 "c1-c8": {
  "all": 0.81103515625,
  "1-4": 0.10761259496212006,
  "5-8": 0.6502765417098999,
  "9-32": 0.9740386009216309,
  "33-+": 0.9366776943206787
 },
 "c1-c32": {
  "all": 0.5105794072151184,
  "1-4": 0.019529692828655243,
  "5-8": 0.10448678582906723,
  "9-32": 0.4778516888618469,
  "33-+": 0.7681052088737488
 },
 "v4-c8": {
  "all": 0.9772135615348816,
  "1-4": 0.8812276124954224,
  "5-8": 0.9452980756759644,
  "9-32": 0.9987019300460815,
  "33-+": 0.9969260692596436
 },
 "v4-c32": {
  "all": 0.9519314169883728,
  "1-4": 0.889597475528717,
  "5-8": 0.8948985934257507,
  "9-32": 0.9320136308670044,
  "33-+": 0.9976637959480286
 },
 "head0": {
  "all": 0.99365234375
 },
 "head1": {
  "all": 0.99609375
 },
 "head2": {
  "all": 0.9948459267616272
 },
 "head3": {
  "all": 0.9908854365348816
 }
}