{
 "ppl_vs_width": {
  "8": 83.22114628055823,
  "16": 34.67028224473027,
  "32": 20.004441319333228,
  "64": 15.973009134684519
 },
 "ppl_a_c16": NaN,
 "ppl_a_c64": 67.48251213397734,
 "ppl_c1_c16": 110.7526913014264,
 "ppl_c1_c64": 139.41904433073387,
 "ppl_v4_c16": 35.20531978395168,
 "ppl_v4_c64": 36.200333565574404,
 "needle_fresh": 0.03125,
 "needle_a_c16": 0.0,
 "needle_a_c64": 0.0,
 "needle_c1_c16": 0.0625,
 "needle_c1_c64": 0.0625,
 "needle_v4_c16": 0.03125,
 "needle_v4_c64": 0.03125
}