{
 "ppl_vs_width": {
  "8": 17.557844805428346,
  "16": 16.870078267794298,
  "32": 16.531048714905907,
  "64": 16.262684609850954
 },
 "ppl_a_c16": 16.579966250260426,
 "ppl_a_c64": 16.835099839588104,
 "ppl_c1_c16": 151.97602947173243,
 "ppl_c1_c64": 198.2169134922012,
 "ppl_v4_c16": 16.580237689892662,
 "ppl_v4_c64": 16.838204800633537,
 "needle_fresh": 0.0,
 "needle_a_c16": 0.0,
 "needle_a_c64": 0.0,
 "needle_c1_c16": 0.03125,
 "needle_c1_c64": 0.0,
 "needle_v4_c16": 0.0,
 "needle_v4_c64": 0.0
}