{
 "ppl_vs_width": {
  "8": 44.83560222886834,
  "16": 41.053671342863524,
  "32": 38.34693006222639,
  "64": 37.07386733754134
 },
 "ppl_a_c16": 37.28611301020235,
 "ppl_a_c64": 38.605379783605194,
 "ppl_c1_c16": 260.71941046759343,
 "ppl_c1_c64": 318.9325380351849,
 "ppl_v4_c16": 37.37081533123083,
 "ppl_v4_c64": 38.635030350399575,
 "needle_fresh": 0.28125,
 "needle_a_c16": 0.3125,
 "needle_a_c64": 0.25,
 "needle_c1_c16": 0.0,
 "needle_c1_c64": 0.0,
 "needle_v4_c16": 0.3125,
 "needle_v4_c64": 0.25
}