{
 "fresh": 10.70055792064686,
 "c1_c16": 125.49349605335779,
 "c1_c64": 192.83227953795816,
 "v4_c16": 12.09023837612273,
 "v4_c64": 11.682823781399552
}