{
 "none_c0": {
  "ppl": 34.02215300239833,
  "recall": 0.4375,
  "old": 0.4375,
  "young": NaN
 },
 "slow64_c64": {
  "ppl": 44.49631343364776,
  "recall": 0.0625,
  "old": 0.07692307692307693,
  "young": 0.0
 },
 "slow64_c256": {
  "ppl": 90.75996628357295,
  "recall": 0.125,
  "old": 0.09090909090909091,
  "young": 0.2
 },
 "slow256_c64": {
  "ppl": 35.50845414249084,
  "recall": 0.125,
  "old": 0.07692307692307693,
  "young": 0.3333333333333333
 },
 "slow256_c256": {
  "ppl": 38.33423915781231,
  "recall": 0.125,
  "old": 0.09090909090909091,
  "young": 0.2
 },
 "fast_c64": {
  "ppl": 100.01178496726767,
  "recall": 0.3125,
  "old": 0.15384615384615385,
  "young": 1.0
 },
 "fast_c256": {
  "ppl": 102.87521907104708,
  "recall": 0.3125,
  "old": 0.09090909090909091,
  "young": 0.8
 }
}