{
 "fresh": 17.523118379266933,
 "a_c16": 17.845568833945627,
 "a_c64": 18.133785533297555,
 "c1_c16": 151.7065193509921,
 "c1_c64": 204.60996552086146,
 "v4_c16": 17.848223264485597,
 "v4_c64": 18.121566590758743
}