{
 "fresh": 18.83814119333456,
 "c1_c16": 1258.9202739430123,
 "c1_c64": 2311.756133269524,
 "v4_c16": 49.263195424220285,
 "v4_c64": 56.149780169184076
}