{
 "fresh": 6.441206518370672,
 "c1_c16": 17.270839951654352,
 "v4_c16": 6.465059543968856,
 "needle_fresh": 1.0,
 "needle_hotalone": 0.5416666666666666,
 "needle_c1_c16": 0.20833333333333334,
 "needle_v4_c16": 1.0
}