{
 "fresh": 6.446985657367256,
 "c1_c4": 7.765266927155311,
 "c1_c16": 16.995443644622416,
 "v4_c4": 6.5061592087112246,
 "v4_c16": 6.5205736791451185,
 "needle_fresh": 1.0,
 "needle_hotalone": 0.4166666666666667,
 "needle_c1_c4": 0.875,
 "needle_c1_c16": 0.041666666666666664,
 "needle_v4_c4": 0.9583333333333334,
 "needle_v4_c16": 0.9583333333333334
}