{
 "fresh": 6.443615527414913,
 "c1_c4": 7.769360721435686,
 "c1_c16": 17.006541723425443,
 "v4_c4": 6.492370776723987,
 "v4_c16": 6.528064473947216
}