{
 "fresh": 6.4462229259639034,
 "c1_c16": 16.999604575206536,
 "v4_c16": 6.601200694659967
}