{
 "fresh": 6.4462229259639034,
 "c1_c4": 7.76540393077301,
 "v4_c4": 6.545669008063267,
 "needle_fresh": 1.0,
 "needle_hotalone": 0.4583333333333333,
 "needle_c1_c4": 0.875,
 "needle_v4_c4": 0.9583333333333334
}