{
 "fresh": 6.443061147064558,
 "c1_c4": 7.765535613893152,
 "c1_c16": 17.01660434918468,
 "v4_c4": 6.504551599715273,
 "v4_c16": 6.532541470717469,
 "needle_fresh": 1.0,
 "needle_hotalone": 0.2916666666666667,
 "needle_c1_c4": 0.875,
 "needle_c1_c16": 0.041666666666666664,
 "needle_v4_c4": 1.0,
 "needle_v4_c16": 0.9583333333333334
}