{
 "mode": "v4",
 "ckpt": "nemo9b_rot_p4long.pt",
 "limit": 300,
 "results": {
  "fda": {
   "sample_len": 300,
   "contains": 0.31
  },
  "swde": {
   "sample_len": 300,
   "contains": 0.6566666666666666
  },
  "squad_completion": {
   "sample_len": 300,
   "contains": 0.6866666666666666
  },
  "triviaqa": {
   "sample_len": 300,
   "exact_match": 0.31
  },
  "nq_open": {
   "sample_len": 300,
   "exact_match": 0.07666666666666666
  },
  "drop": {
   "sample_len": 300,
   "em": 0.01,
   "f1": 0.05216666666666664
  }
 }
}