{
 "fresh": 6.447518085838286,
 "c1_c4": 7.759027263127532,
 "c1_c16": 17.001286662371903,
 "v4_c4": 6.477912856000325,
 "v4_c16": 6.584398653160265
}