{
  "gsm8k": {
    "pass@1": {
      "num_entries": 1319,
      "avg_tokens": 1601,
      "gen_seconds": 684,
      "symbolic_correct": 94.99620924943139,
      "no_answer": 0.0758150113722517
    }
  }
}