{
  "gsm8k": {
    "pass@1": {
      "num_entries": 1319,
      "avg_tokens": 2324,
      "gen_seconds": 4084,
      "symbolic_correct": 94.99620924943139,
      "no_answer": 0.3032600454890068
    }
  }
}