{
  "gsm8k": {
    "pass@1": {
      "num_entries": 1319,
      "avg_tokens": 1728,
      "gen_seconds": 21506,
      "symbolic_correct": 94.61713419257013,
      "no_answer": 0.0758150113722517
    }
  }
}