{
 "arm": "v4c4",
 "B": 256,
 "ms_per_step": 49.13127422332764,
 "tok_s": 5210.530442103833
}