{
 "arm": "v4c16",
 "B": 256,
 "ms_per_step": 46.50336131453514,
 "tok_s": 5504.978409377568
}