{
 "arm": "v4c16fp8",
 "B": 256,
 "ms_per_step": 50.40627717971802,
 "tok_s": 5078.732537363556
}