{
 "arm": "v4c4",
 "B": 256,
 "ms_per_step": 62.50530295073986,
 "tok_s": 4095.652495305117
}