{
 "arm": "v4c16",
 "B": 256,
 "ms_per_step": 42.51789674162865,
 "tok_s": 6020.9939723889065
}