{
 "arm": "fresh",
 "B": 256,
 "ms_per_step": 46.46361246705055,
 "tok_s": 5509.687826824511
}