{
 "arm": "v4c4fp8",
 "B": 256,
 "ms_per_step": 76.37747377157211,
 "tok_s": 3351.773597090139
}