{
 "arm": "raw",
 "B": 256,
 "ms_per_step": 44.26834359765053,
 "tok_s": 5782.913459034116
}