{
 "arm": "v4c4fp8",
 "B": 256,
 "ms_per_step": 66.0466905683279,
 "tok_s": 3876.0458366215626
}