{
 "arm": "fresh",
 "B": 256,
 "ms_per_step": 44.45859231054783,
 "tok_s": 5758.16702003999
}