{
 "arm": "v4c16fp8",
 "B": 256,
 "ms_per_step": 56.206414476037025,
 "tok_s": 4554.640291263246
}