{
 "arm": "v4c4fp32",
 "B": 256,
 "ms_per_step": 54.25855703651905,
 "tok_s": 4718.149799444494
}