{
 "arm": "v4c16fp32",
 "B": 256,
 "ms_per_step": 45.66127993166447,
 "tok_s": 5606.500745995802
}