{
 "arm": "raw",
 "B": 256,
 "ms_per_step": 43.77397522330284,
 "tok_s": 5848.223714983047
}