{
 "ppl_vs_width": {
  "8": 522.0492620959558,
  "16": 128.73549500891778,
  "32": 58.85580374097313,
  "64": 35.29864863056243
 },
 "ppl_a_c16": NaN,
 "ppl_a_c64": 937.5265795121737,
 "ppl_c1_c16": 532.849791872869,
 "ppl_c1_c64": 733.4907284115938,
 "ppl_v4_c16": 132.6730453205545,
 "ppl_v4_c64": 165.54313410736984,
 "needle_fresh": 0.15625,
 "needle_a_c16": 0.0,
 "needle_a_c64": 0.0,
 "needle_c1_c16": 0.0,
 "needle_c1_c64": 0.0,
 "needle_v4_c16": 0.0,
 "needle_v4_c64": 0.03125
}