{
 "fresh-k64": {
  "all": 0.9976128339767456,
  "1-4": 0.9992029070854187,
  "5-8": 0.9987707138061523,
  "9-32": 0.9988641738891602,
  "33-+": 0.9959424138069153
 },
 "fresh-k16(hot-alone)": {
  "all": 0.436089426279068,
  "1-4": 0.7636508941650391,
  "5-8": 0.590657651424408,
  "9-32": 0.471199095249176,
  "33-+": 0.2775113582611084
 },
 "a-c8": {
  "all": 0.8962131142616272,
  "1-4": 0.5823037028312683,
  "5-8": 0.7443146705627441,
  "9-32": 0.9881551265716553,
  "33-+": 0.9537685513496399
 },
 "a-c32": {
  "all": 0.7868381142616272,
  "1-4": 0.6556397080421448,
  "5-8": 0.500921905040741,
  "9-32": 0.6870030760765076,
  "33-+": 0.9601622819900513
 },
 "c1-c8": {
  "all": 0.8215603232383728,
  "1-4": 0.10920685529708862,
  "5-8": 0.655193567276001,
  "9-32": 0.9865325689315796,
  "33-+": 0.9495880603790283
 },
 "c1-c32": {
  "all": 0.5514323115348816,
  "1-4": 0.022319650277495384,
  "5-8": 0.09895513206720352,
  "9-32": 0.4976472556591034,
  "33-+": 0.8459362983703613
 },
 "v4-c8": {
  "all": 0.9168837070465088,
  "1-4": 0.5958549380302429,
  "5-8": 0.7504609823226929,
  "9-32": 0.9970793724060059,
  "33-+": 0.9884421229362488
 },
 "v4-c32": {
  "all": 0.8044162392616272,
  "1-4": 0.6600239276885986,
  "5-8": 0.5076828598976135,
  "9-32": 0.6964141130447388,
  "33-+": 0.9901635050773621
 },
 "head0": {
  "all": 0.9843207597732544
 },
 "head1": {
  "all": 0.9964192509651184
 },
 "head2": {
  "all": 0.997667133808136
 },
 "head3": {
  "all": 0.8932834267616272
 }
}