{
 "fresh-k64": {
  "all": 0.9920790195465088,
  "1-4": 0.9984057545661926,
  "5-8": 0.9950829744338989,
  "9-32": 0.9964303374290466,
  "33-+": 0.986228883266449
 },
 "fresh-k16(hot-alone)": {
  "all": 0.9607204794883728,
  "1-4": 0.9936229586601257,
  "5-8": 0.9889366626739502,
  "9-32": 0.9795554280281067,
  "33-+": 0.9306528568267822
 },
 "a-c8": {
  "all": 0.9739583134651184,
  "1-4": 0.9071343541145325,
  "5-8": 0.9299323558807373,
  "9-32": 0.9972416162490845,
  "33-+": 0.9857370853424072
 },
 "a-c32": {
  "all": 0.94482421875,
  "1-4": 0.9111199975013733,
  "5-8": 0.873386561870575,
  "9-32": 0.9224404096603394,
  "33-+": 0.9864748120307922
 },
 "c1-c8": {
  "all": 0.7660048007965088,
  "1-4": 0.1032283827662468,
  "5-8": 0.6158574223518372,
  "9-32": 0.9250365495681763,
  "33-+": 0.8799950480461121
 },
 "c1-c32": {
  "all": 0.4059244692325592,
  "1-4": 0.021921085193753242,
  "5-8": 0.08543331176042557,
  "9-32": 0.39753368496894836,
  "33-+": 0.5948604345321655
 },
 "v4-c8": {
  "all": 0.9735785722732544,
  "1-4": 0.9059386253356934,
  "5-8": 0.9299323558807373,
  "9-32": 0.9969171285629272,
  "33-+": 0.985491156578064
 },
 "v4-c32": {
  "all": 0.9471028447151184,
  "1-4": 0.9151056408882141,
  "5-8": 0.8789182305335999,
  "9-32": 0.9242252111434937,
  "33-+": 0.9879502654075623
 },
 "head0": {
  "all": 0.9920247197151184
 },
 "head1": {
  "all": 0.9913737177848816
 },
 "head2": {
  "all": 0.9515516757965088
 },
 "head3": {
  "all": 0.991807758808136
 }
}