{
 "none_c0": {
  "ppl": 44.49843523379983,
  "recall": 0.0,
  "old": 0.0,
  "young": NaN,
  "frac": 0.0
 },
 "slow_c64": {
  "ppl": 51.53669719401723,
  "recall": 0.0,
  "old": 0.0,
  "young": 0.0,
  "frac": 0.13297526041666666
 },
 "slow_c256": {
  "ppl": 56.931573969103546,
  "recall": 0.0,
  "old": 0.0,
  "young": 0.0,
  "frac": 0.13297526041666666
 },
 "fast_c64": {
  "ppl": 165.98310805518955,
  "recall": 0.0,
  "old": 0.0,
  "young": 0.0,
  "frac": 0.122314453125
 },
 "fast_c256": {
  "ppl": 166.89134115984135,
  "recall": 0.0,
  "old": 0.0,
  "young": 0.0,
  "frac": 0.122314453125
 }
}