{
 "fresh": 19.610339901726373,
 "c1_c16": 175.9256161860096,
 "c1_c64": 299.48298363194317,
 "v4_c16": 19.60099430755335,
 "v4_c64": 19.669273737507208
}