{
 "fresh": 17.335729365800812,
 "a_c16": 34.83563237379937,
 "a_c64": 43.15222884036432,
 "c1_c16": 100.87569123499202,
 "c1_c64": 132.60934379237898,
 "v4_c16": 33.2337850459388,
 "v4_c64": 37.27334513970638
}