{
 "fresh": 19.356966722297106,
 "c1_c16": 999.7605933895098,
 "c1_c64": 1731.0260692714432,
 "v4_c16": 19.26711530843505,
 "v4_c64": 19.3213090350112
}