{
 "fresh": 19.823316477692735,
 "c1_c16": 978.8880743060073,
 "c1_c64": 1262.7912443967414,
 "v4_c16": 19.825392984268603,
 "v4_c64": 19.89994591080915
}