{
 "0.9": {
  "top32": 0.4846755237215095,
  "gap": 4.210058890932727e-05,
  "cos": 0.4378846951380924
 },
 "0.99": {
  "top32": 0.48758574947714806,
  "gap": 1.4554283934366715e-05,
  "cos": 0.43661245234586576
 }
}