{
 "fresh": 6.443393347089132,
 "c1_c4": 7.770264262533016,
 "c1_c16": 17.013068975950386,
 "v4_c4": 6.448406845521554,
 "v4_c16": 6.471348390390159,
 "needle_fresh": 1.0,
 "needle_hotalone": 0.5833333333333334,
 "needle_c1_c4": 0.8333333333333334,
 "needle_c1_c16": 0.125,
 "needle_v4_c4": 1.0,
 "needle_v4_c16": 1.0
}