{
 "fresh": 6.442770630099831,
 "c1_c4": 7.763836402023648,
 "c1_c16": 17.034817168394373,
 "v4_c4": 6.49322469421439,
 "v4_c16": 6.5056279480898285,
 "needle_fresh": 1.0,
 "needle_hotalone": 0.25,
 "needle_c1_c4": 0.875,
 "needle_c1_c16": 0.08333333333333333,
 "needle_v4_c4": 0.9583333333333334,
 "needle_v4_c16": 0.9583333333333334
}