{
 "fresh": 6.446465760628754,
 "c1_c16": 17.018001054443,
 "c1_c64": 33.81587241104158,
 "v4_c16": 6.832483533869141,
 "v4_c64": 7.150221867202111,
 "needle_fresh": 1.0,
 "needle_hotalone": 0.25,
 "needle_c1_c16": 0.08333333333333333,
 "needle_c1_c64": 0.041666666666666664,
 "needle_v4_c16": 0.9583333333333334,
 "needle_v4_c64": 0.6666666666666666
}