{
 "fresh": 6.443393347089132,
 "c1_c4": NaN,
 "c1_c16": NaN,
 "v4_c4": NaN,
 "v4_c16": NaN,
 "needle_fresh": 1.0,
 "needle_hotalone": 0.5833333333333334,
 "needle_c1_c4": 0.0,
 "needle_c1_c16": 0.0,
 "needle_v4_c4": 0.0,
 "needle_v4_c16": 0.0
}