{
 "fresh": 6.4462229259639034,
 "c1_c16": 16.994256441439102,
 "c1_c64": 33.78260747573311,
 "v4_c16": 6.595731672489483,
 "v4_c64": 6.770160670592374,
 "needle_fresh": 1.0,
 "needle_hotalone": 0.4583333333333333,
 "needle_c1_c16": 0.041666666666666664,
 "needle_c1_c64": 0.08333333333333333,
 "needle_v4_c16": 0.9166666666666666,
 "needle_v4_c64": 0.9166666666666666
}