{
 "fresh": 6.443393347089132,
 "c1_c4": 7.7665595321169265,
 "c1_c16": 17.008295461002554,
 "v4_c4": 6.600161642714132,
 "v4_c16": 6.749811483990081,
 "needle_fresh": 1.0,
 "needle_hotalone": 0.20833333333333334,
 "needle_c1_c4": 0.875,
 "needle_c1_c16": 0.08333333333333333,
 "needle_v4_c4": 1.0,
 "needle_v4_c16": 0.9583333333333334
}