{
 "fresh": 6.4462229259639034,
 "c1_c4": 7.76540393077301,
 "c1_c16": 16.999604575206536,
 "v4_c4": 6.545669008063267,
 "v4_c16": 6.601200694659967
}