{
 "fresh": 6.765613775686432,
 "c1_c16": 21.16288279297148,
 "v4_c16": 6.749096599004364,
 "needle_fresh": 0.9166666666666666,
 "needle_hotalone": 0.4166666666666667,
 "needle_c1_c16": 0.2916666666666667,
 "needle_v4_c16": 0.7083333333333334
}