{
 "fresh": 6.444301896011881,
 "c1_c16": 17.032532774569532,
 "c1_c64": 33.79288846943726,
 "v4_c16": 6.896083157300752,
 "v4_c64": 7.116985213824873,
 "needle_fresh": 1.0,
 "needle_hotalone": 0.08333333333333333,
 "needle_c1_c16": 0.041666666666666664,
 "needle_c1_c64": 0.041666666666666664,
 "needle_v4_c16": 0.9583333333333334,
 "needle_v4_c64": 0.9583333333333334
}