{
 "fresh": 6.44472347088268,
 "c1_c4": 7.769987075888192,
 "c1_c16": 17.028604333759546,
 "v4_c4": 6.496991552808236,
 "v4_c16": 6.588146345788156
}