{
 "fresh": 6.4406010957966116,
 "c1_c4": 7.765295160811222,
 "c1_c16": 17.0168021327223,
 "v4_c4": 6.4692453878046505,
 "v4_c16": 6.543275666427941,
 "needle_fresh": 1.0,
 "needle_hotalone": 0.4166666666666667,
 "needle_c1_c4": 0.875,
 "needle_c1_c16": 0.08333333333333333,
 "needle_v4_c4": 0.9583333333333334,
 "needle_v4_c16": 1.0
}