{
 "B": 256,
 "t_raw": 43.86243224143982,
 "t_draft": 20.450841635465622,
 "t_verify": {
  "4": 170.9927797317505,
  "6": 225.085711479187,
  "8": 237.70246505737305,
  "16": 282.8843355178833
 },
 "mech_c4": 0.6940364066146084,
 "mech_c6": 0.7567038079763596,
 "mech_c8": 0.8743867809582184,
 "mech_c16": 1.1503055967820057
}