{
 "1": {
  "buckets_ms": {
   "other": 3.6914540000008755,
   "norm/elementwise": 84.33459999999818,
   "GEMM (proj/MLP/lm_head)": 181.43065600000446,
   "prefill scan/conv": 0.7323239999999924,
   "attention": 2.263648999999856,
   "conv update": 5.2669190000013515,
   "state-op (SSU)": 7.439489999999124
  },
  "busy_ms": 285.15909200000385,
  "wall_ms": 780.4325139150023,
  "wall_unprofiled_ms": 720.3690651804209,
  "gen": 64,
  "ms_per_step_busy": 4.45561081250006,
  "ms_per_step_wall": 11.255766643444076,
  "tok_per_s": 88.84334862987322
 },
 "16": {
  "buckets_ms": {
   "other": 4.139766000001138,
   "norm/elementwise": 94.92965399999724,
   "GEMM (proj/MLP/lm_head)": 197.82363099999995,
   "prefill scan/conv": 4.031347999999998,
   "attention": 2.5658160000003973,
   "conv update": 5.718246000000061,
   "state-op (SSU)": 49.77770699999903
  },
  "busy_ms": 358.9861679999978,
  "wall_ms": 805.4833440110087,
  "wall_unprofiled_ms": 750.9309183806181,
  "gen": 64,
  "ms_per_step_busy": 5.609158874999966,
  "ms_per_step_wall": 11.733295599697158,
  "tok_per_s": 1363.6407490162412
 },
 "32": {
  "buckets_ms": {
   "other": 3.563544999999531,
   "norm/elementwise": 103.30717900001332,
   "GEMM (proj/MLP/lm_head)": 205.46870899999834,
   "prefill scan/conv": 7.689062999999998,
   "attention": 3.0979100000004927,
   "conv update": 6.880966999999772,
   "state-op (SSU)": 99.167324999999
  },
  "busy_ms": 429.17469800001044,
  "wall_ms": 826.6912158578634,
  "wall_unprofiled_ms": 861.900276504457,
  "gen": 64,
  "ms_per_step_busy": 6.705854656250163,
  "ms_per_step_wall": 13.46719182038214,
  "tok_per_s": 2376.144962275586
 },
 "64": {
  "buckets_ms": {
   "other": 3.5782939999999153,
   "norm/elementwise": 109.52118599999596,
   "GEMM (proj/MLP/lm_head)": 222.68080599999584,
   "prefill scan/conv": 14.73408600000001,
   "attention": 4.027399000001427,
   "conv update": 10.284199000000692,
   "state-op (SSU)": 199.77840899999964
  },
  "busy_ms": 564.6043789999935,
  "wall_ms": 905.2300965413451,
  "wall_unprofiled_ms": 847.6913571357727,
  "gen": 64,
  "ms_per_step_busy": 8.821943421874899,
  "ms_per_step_wall": 13.245177455246449,
  "tok_per_s": 4831.947342060671
 },
 "128": {
  "buckets_ms": {
   "other": 3.7316260000015573,
   "norm/elementwise": 149.7130470000078,
   "GEMM (proj/MLP/lm_head)": 238.6611680000005,
   "prefill scan/conv": 29.052621999999882,
   "attention": 5.8841699999999175,
   "conv update": 15.635908999999883,
   "state-op (SSU)": 401.66155200000236
  },
  "busy_ms": 844.3400940000118,
  "wall_ms": 1049.4525246322155,
  "wall_unprofiled_ms": 999.6253717690706,
  "gen": 64,
  "ms_per_step_busy": 13.192813968750185,
  "ms_per_step_wall": 15.619146433891729,
  "tok_per_s": 8195.070104615634
 },
 "256": {
  "buckets_ms": {
   "other": 4.359430000001098,
   "norm/elementwise": 220.69930700001046,
   "GEMM (proj/MLP/lm_head)": 277.4175409999879,
   "prefill scan/conv": 57.58493699999974,
   "attention": 9.49548700000014,
   "conv update": 26.406007000002194,
   "state-op (SSU)": 808.4002049999986
  },
  "busy_ms": 1404.362914,
  "wall_ms": 1841.2480680271983,
  "wall_unprofiled_ms": 1484.1826083138585,
  "gen": 64,
  "ms_per_step_busy": 21.94317053125,
  "ms_per_step_wall": 23.19035325490404,
  "tok_per_s": 11039.072893202434
 },
 "512": {
  "buckets_ms": {
   "other": 6.108613000000906,
   "norm/elementwise": 368.6819199999975,
   "GEMM (proj/MLP/lm_head)": 462.93314700000326,
   "prefill scan/conv": 116.46151799999973,
   "attention": 17.172136999998415,
   "conv update": 48.4866430000008,
   "state-op (SSU)": 1634.766541999991
  },
  "busy_ms": 2654.6105199999915,
  "wall_ms": 2789.444759488106,
  "wall_unprofiled_ms": 2756.928998976946,
  "gen": 64,
  "ms_per_step_busy": 41.47828937499987,
  "ms_per_step_wall": 43.07701560901478,
  "tok_per_s": 11885.688754465458,
  "state_dtype": "float32"
 },
 "1024": {
  "buckets_ms": {
   "other": 11.632052000000257,
   "norm/elementwise": 749.897769000056,
   "GEMM (proj/MLP/lm_head)": 990.3947069999755,
   "prefill scan/conv": 230.22766799999366,
   "attention": 35.047268000003996,
   "conv update": 99.5339000000204,
   "state-op (SSU)": 3303.1802559999787
  },
  "busy_ms": 5419.9136200000285,
  "wall_ms": 5981.848403811455,
  "wall_unprofiled_ms": 5633.2995584234595,
  "gen": 64,
  "ms_per_step_busy": 84.68615031250044,
  "ms_per_step_wall": 88.02030560036656,
  "tok_per_s": 11633.67921771605,
  "state_dtype": "float32"
 },
 "1152": {
  "buckets_ms": {
   "other": 12.981670999996814,
   "norm/elementwise": 820.5568560000183,
   "GEMM (proj/MLP/lm_head)": 1018.7725160000667,
   "prefill scan/conv": 258.89578900000515,
   "attention": 38.76232899998769,
   "conv update": 110.6915030000161,
   "state-op (SSU)": 3717.078639000012
  },
  "busy_ms": 5977.739303000103,
  "wall_ms": 6270.852267742157,
  "wall_unprofiled_ms": 6192.057596519589,
  "gen": 64,
  "ms_per_step_busy": 93.40217660937661,
  "ms_per_step_wall": 96.75089994561858,
  "tok_per_s": 11906.865989334592,
  "state_dtype": "float32"
 },
 "2048": {
  "buckets_ms": {
   "other": 14.214415000027657,
   "norm/elementwise": 1406.1852070000793,
   "GEMM (proj/MLP/lm_head)": 1620.4459369999888,
   "prefill scan/conv": 460.6359809999983,
   "attention": 64.35396499998413,
   "conv update": 189.93994499998516,
   "state-op (SSU)": 4348.928762999975
  },
  "busy_ms": 8104.704213000039,
  "wall_ms": 8476.3237927109,
  "wall_unprofiled_ms": 8250.871234573424,
  "gen": 64,
  "ms_per_step_busy": 126.63600332812561,
  "ms_per_step_wall": 128.91986304020975,
  "tok_per_s": 15885.837540497809,
  "state_dtype": "bfloat16"
 },
 "2304": {
  "buckets_ms": {
   "other": 14.709150000011258,
   "norm/elementwise": 1550.4894160000763,
   "GEMM (proj/MLP/lm_head)": 1791.2137549999554,
   "prefill scan/conv": 516.3201840000027,
   "attention": 72.08860299999407,
   "conv update": 212.24012700000847,
   "state-op (SSU)": 4904.099602000024
  },
  "busy_ms": 9061.160837000072,
  "wall_ms": 9465.667521581054,
  "wall_unprofiled_ms": 9585.191970691085,
  "gen": 64,
  "ms_per_step_busy": 141.58063807812613,
  "ms_per_step_wall": 149.7686245420482,
  "tok_per_s": 15383.729449642784,
  "state_dtype": "bfloat16"
 }
}